{
  "lang":"fr",
  "name":"pipeline",
  "version":"0.0.0",
  "spacy_version":">=3.4.4,<3.5.0",
  "description":"",
  "author":"",
  "email":"",
  "url":"",
  "license":"",
  "spacy_git_version":"77833bfef",
  "vectors":{
    "width":0,
    "vectors":0,
    "keys":0,
    "name":null,
    "mode":"default"
  },
  "labels":{
    "tok2vec":[

    ],
    "ner":[
      "EMOTICON",
      "GOVERNING ENTITY",
      "HASHTAG",
      "LINK",
      "NUMBERS/METRICS",
      "QUESTION",
      "REFERENCE",
      "TAG"
    ]
  },
  "pipeline":[
    "tok2vec",
    "ner"
  ],
  "components":[
    "tok2vec",
    "ner"
  ],
  "disabled":[

  ],
  "performance":{
    "ents_f":0.7589285714,
    "ents_p":0.7943925234,
    "ents_r":0.7264957265,
    "ents_per_type":{
      "NUMBERS/METRICS":{
        "p":0.6071428571,
        "r":0.6296296296,
        "f":0.6181818182
      },
      "LINK":{
        "p":0.9615384615,
        "r":1.0,
        "f":0.9803921569
      },
      "HASHTAG":{
        "p":0.9090909091,
        "r":0.9090909091,
        "f":0.9090909091
      },
      "TAG":{
        "p":0.8795180723,
        "r":0.9480519481,
        "f":0.9125
      },
      "REFERENCE":{
        "p":0.3333333333,
        "r":0.2,
        "f":0.25
      },
      "QUESTION":{
        "p":0.3076923077,
        "r":0.1666666667,
        "f":0.2162162162
      },
      "EMOTICON":{
        "p":1.0,
        "r":0.9285714286,
        "f":0.962962963
      },
      "GOVERNING ENTITY":{
        "p":0.0,
        "r":0.0,
        "f":0.0
      }
    },
    "tok2vec_loss":158.2582305109,
    "ner_loss":23.5648358689
  }
}