{
  "lang":"fr",
  "name":"pipeline",
  "version":"0.0.0",
  "spacy_version":">=3.4.4,<3.5.0",
  "description":"",
  "author":"",
  "email":"",
  "url":"",
  "license":"",
  "spacy_git_version":"77833bfef",
  "vectors":{
    "width":0,
    "vectors":0,
    "keys":0,
    "name":null,
    "mode":"default"
  },
  "labels":{
    "tok2vec":[

    ],
    "ner":[
      "EMOTICON",
      "GOVERNING ENTITY",
      "HASHTAG",
      "LINK",
      "NUMBERS/METRICS",
      "QUESTION",
      "REFERENCE",
      "TAG"
    ]
  },
  "pipeline":[
    "tok2vec",
    "ner"
  ],
  "components":[
    "tok2vec",
    "ner"
  ],
  "disabled":[

  ],
  "performance":{
    "ents_f":0.7797356828,
    "ents_p":0.8045454545,
    "ents_r":0.7564102564,
    "ents_per_type":{
      "NUMBERS/METRICS":{
        "p":0.6551724138,
        "r":0.7037037037,
        "f":0.6785714286
      },
      "LINK":{
        "p":0.9259259259,
        "r":1.0,
        "f":0.9615384615
      },
      "HASHTAG":{
        "p":0.9130434783,
        "r":0.9545454545,
        "f":0.9333333333
      },
      "TAG":{
        "p":0.8902439024,
        "r":0.9480519481,
        "f":0.9182389937
      },
      "REFERENCE":{
        "p":0.3333333333,
        "r":0.16,
        "f":0.2162162162
      },
      "QUESTION":{
        "p":0.4705882353,
        "r":0.3333333333,
        "f":0.3902439024
      },
      "EMOTICON":{
        "p":1.0,
        "r":0.9285714286,
        "f":0.962962963
      },
      "GOVERNING ENTITY":{
        "p":0.25,
        "r":0.1666666667,
        "f":0.2
      }
    },
    "tok2vec_loss":97.4443461157,
    "ner_loss":43.4945936297
  }
}